{
  "validation_threshold": {
    "threshold": 0.024953461810946466,
    "predictions": [
      0,
      0,
      0,
      0,
      1,
      0,
      0,
      0,
      1,
      0,
      1,
      0,
      0,
      1,
      0,
      0,
      1,
      0,
      0,
      0,
      0,
      0,
      0,
      0,
      0,
      0,
      0,
      1,
      0,
      1,
      0,
      0,
      0,
      0,
      0,
      0,
      0,
      0,
      0,
      0,
      0,
      1,
      0,
      0,
      0,
      0,
      0,
      0,
      0,
      0,
      0,
      0,
      0,
      0,
      0,
      1,
      0,
      0,
      0,
      0,
      0,
      1,
      0,
      1,
      0,
      0,
      0,
      0,
      0,
      0,
      0,
      0,
      0,
      0,
      0,
      0,
      0,
      0,
      0,
      0,
      0,
      0,
      0,
      0,
      1,
      0,
      0,
      0,
      0,
      0,
      0,
      0,
      0,
      0,
      0,
      0,
      1,
      0,
      0,
      0,
      0,
      0,
      0,
      0,
      0,
      0,
      0,
      0,
      0,
      0,
      0,
      0,
      0,
      0,
      0,
      0,
      0,
      0,
      0,
      0,
      0,
      0,
      0,
      0,
      0,
      0,
      1,
      0,
      0,
      0,
      0,
      0,
      1,
      0,
      0,
      1,
      1,
      0,
      0,
      0,
      0,
      0,
      0,
      0,
      0,
      0,
      0,
      0,
      1,
      0,
      1,
      0,
      0,
      0,
      0,
      0,
      0,
      0,
      0,
      0,
      0,
      0,
      0,
      0,
      0,
      0,
      0,
      0,
      0,
      0,
      0,
      0,
      0,
      0,
      0,
      0,
      0,
      0,
      0,
      0,
      0,
      0,
      0,
      0,
      0,
      0,
      0,
      0,
      0,
      0,
      0,
      0,
      0,
      0,
      0,
      0,
      0,
      0,
      0,
      0,
      0,
      0,
      0,
      0,
      1,
      0,
      0,
      0,
      0,
      1,
      0,
      0,
      0,
      1,
      0,
      0,
      0,
      0,
      0,
      0,
      0,
      0,
      0,
      0,
      0,
      0,
      0,
      0,
      1
    ],
    "scores": [
      0.006408295128494501,
      0.007962450385093689,
      0.022131815552711487,
      0.01104767993092537,
      0.08792804181575775,
      0.003833953756839037,
      0.00892031192779541,
      0.005492082796990871,
      0.032249610871076584,
      0.004801420494914055,
      0.04359365999698639,
      0.004245363641530275,
      0.005568111315369606,
      0.0316016748547554,
      0.0050106355920434,
      0.015724726021289825,
      0.05527796223759651,
      0.018201351165771484,
      0.010996255092322826,
      0.0017505595460534096,
      0.01105477660894394,
      0.0170928705483675,
      0.009314557537436485,
      0.02195284515619278,
      0.006373448763042688,
      0.002334472257643938,
      0.002849102020263672,
      0.03777006268501282,
      0.024658268317580223,
      0.04112593084573746,
      0.007457870990037918,
      0.0047064730897545815,
      0.0047364626079797745,
      0.002294874517247081,
      0.004370453767478466,
      0.008713990449905396,
      0.009632278233766556,
      0.008768675848841667,
      0.008722934871912003,
      0.0035553774796426296,
      0.009286566637456417,
      0.028707342222332954,
      0.005109455436468124,
      0.016055013984441757,
      0.003986356779932976,
      0.005884422920644283,
      0.003785037901252508,
      0.0009984393836930394,
      0.007018386386334896,
      0.0045248232781887054,
      0.011190573684871197,
      0.016810016706585884,
      0.005465751979500055,
      0.00397404283285141,
      0.014569698832929134,
      0.03968419134616852,
      0.01618039980530739,
      0.002923904452472925,
      0.009604860097169876,
      0.0060847969725728035,
      0.012011798098683357,
      0.025665603578090668,
      0.001429238822311163,
      0.02924901247024536,
      0.014115004800260067,
      0.00494047999382019,
      0.00397151056677103,
      0.01262090727686882,
      0.011899976991117,
      0.0039923968724906445,
      0.009431007318198681,
      0.016269955784082413,
      0.00552383903414011,
      0.007218841928988695,
      0.005831671878695488,
      0.011687103658914566,
      0.007361240219324827,
      0.01328638382256031,
      0.008545944467186928,
      0.005515509285032749,
      0.008798944763839245,
      0.0023476690985262394,
      0.00590115413069725,
      0.019816815853118896,
      0.02760206162929535,
      0.010824477300047874,
      0.005943886004388332,
      0.015681177377700806,
      0.008522635325789452,
      0.00611145282164216,
      0.006703546270728111,
      0.005246833432465792,
      0.010868861339986324,
      0.016363482922315598,
      0.02268119715154171,
      0.0021918010897934437,
      0.029219001531600952,
      0.008309504017233849,
      0.005768210627138615,
      0.006199427880346775,
      0.012517120689153671,
      0.010843129828572273,
      0.012988678179681301,
      0.013455904088914394,
      0.005851859226822853,
      0.006073145195841789,
      0.015626905485987663,
      0.004227569326758385,
      0.018040789291262627,
      0.022367840632796288,
      0.014848423190414906,
      0.014515304937958717,
      0.017485130578279495,
      0.0057641612365841866,
      0.021629698574543,
      0.003852298716083169,
      0.01797172799706459,
      0.024929024279117584,
      0.01540264394134283,
      0.0039424896240234375,
      0.0012561227194964886,
      0.004079057835042477,
      0.0037211733870208263,
      0.0038883995730429888,
      0.008943673223257065,
      0.009961327537894249,
      0.02625025250017643,
      0.0017354810843244195,
      0.007111648563295603,
      0.0144736897200346,
      0.006730630993843079,
      0.01970609650015831,
      0.04248775541782379,
      0.013997477479279041,
      0.013784099370241165,
      0.0262867771089077,
      0.026159122586250305,
      0.010679341852664948,
      0.013814766891300678,
      0.007036857772618532,
      0.017757561057806015,
      0.010414422489702702,
      0.009593476541340351,
      0.005718174856156111,
      0.015924280509352684,
      0.005665947683155537,
      0.0024094493128359318,
      0.005691013298928738,
      0.031114540994167328,
      0.003797075478360057,
      0.047511033713817596,
      0.011198833584785461,
      0.00593033991754055,
      0.005530655384063721,
      0.010921633802354336,
      0.005670028273016214,
      0.004210118670016527,
      0.00783561822026968,
      0.004767696373164654,
      0.016320139169692993,
      0.008518632501363754,
      0.010790064930915833,
      0.014720411971211433,
      0.003024790668860078,
      0.0220712348818779,
      0.006762753706425428,
      0.01606857404112816,
      0.00330387894064188,
      0.008032121695578098,
      0.001239980454556644,
      0.007321306504309177,
      0.0026110494509339333,
      0.005163582973182201,
      0.005612112581729889,
      0.006211250554770231,
      0.0032803774811327457,
      0.003075717482715845,
      0.00937409233301878,
      0.015885278582572937,
      0.008073561824858189,
      0.0022961681243032217,
      0.01235172338783741,
      0.007739307824522257,
      0.020417287945747375,
      0.0076687997207045555,
      0.014134186320006847,
      0.0071614510379731655,
      0.010559793561697006,
      0.006712920963764191,
      0.0031127913389354944,
      0.02021247148513794,
      0.01522881630808115,
      0.004836415871977806,
      0.0028477394953370094,
      0.00408191978931427,
      0.004996984265744686,
      0.012372823432087898,
      0.007356193382292986,
      0.02331508696079254,
      0.0058601247146725655,
      0.002919684164226055,
      0.013151636347174644,
      0.007282025180757046,
      0.0027560128364712,
      0.03496939688920975,
      0.01965058222413063,
      0.0054175457917153835,
      0.012072796002030373,
      0.00829757284373045,
