{
  "train_losses": [
    0.04689941728680298,
    0.01856838426841744,
    0.015789856186843122,
    0.01651302932215662,
    0.014999875381332019,
    0.015183408592088983,
    0.014614431861916492,
    0.013805285882975521,
    0.014042115882681361,
    0.014462694573890546,
    0.013582963929993325,
    0.013896836658361656,
    0.013176868444886702,
    0.013352295544383854,
    0.013359025409766313,
    0.013918032082889614,
    0.012990439663930186,
    0.012912803506157521,
    0.012403062087130445,
    0.012631793586729929,
    0.012584628729984677,
    0.012723571187334842,
    0.012354683098864967,
    0.012562020063592956,
    0.012691038259272945,
    0.012244408540748831,
    0.011998274540207509,
    0.011705435411041153,
    0.011397752501391646,
    0.011902372200234696,
    0.012525602107353765,
    0.01162054574373981,
    0.01147673122488476,
    0.011200469115684772,
    0.01136873458544242,
    0.011237240942387745,
    0.011025097791169738,
    0.011025363643621576,
    0.010775732743585932,
    0.010674946371401692,
    0.012561795478365544,
    0.012622061956288486,
    0.011226789768913696,
    0.011142484121153066,
    0.010938530835997442,
    0.01096233687813169,
    0.010922052520166698,
    0.010742172960127735
  ],
  "val_losses": [
    0.026211606711149214,
    0.01665591758986314,
    0.014604064760108788,
    0.014662079078455766,
    0.01416099996616443,
    0.013807227835059166,
    0.014071492167810598,
    0.01335281462719043,
    0.013665068584183851,
    0.01331829068561395,
    0.013976870663464069,
    0.013015693550308545,
    0.013458762938777605,
    0.013023556893070538,
    0.014373219634095828,
    0.01312984519948562,
    0.012723998849590619,
    0.012763618553678194,
    0.012790974353750546,
    0.012303918662170569,
    0.012721429454783599,
    0.012549595658977826,
    0.012255026400089264,
    0.012391451001167297,
    0.01294054997464021,
    0.012409464207788308,
    0.012492640254398188,
    0.012604074490567049,
    0.012179934047162532,
    0.01322139681627353,
    0.012280809941391151,
    0.011952248029410839,
    0.012025391993423304,
    0.011941290833055973,
    0.011881528111795584,
    0.011982603805760543,
    0.011968512708942095,
    0.011800314486026763,
    0.011998953732351462,
    0.011807120405137539,
    0.012582536600530148,
    0.012149414606392383,
    0.011913769071300824,
    0.011843394363919894,
    0.011837622274955113,
    0.011819765095909436,
    0.012272222774724166,
    0.01198288043960929
  ],
  "num_patches": 1142,
  "patch_size": [
    32,
    32,
    32
  ],
  "num_subjects": 2,
  "device": "cuda",
  "timestamp": "2025-05-23T14:55:07.967404"
}